Instruction,Prediction
think of some family rules to promote a healthy family relationship. answer in a numbered list. only fiev items.,"
1)	Respect each other's space and privacy, including personal belongings and time alone. 2)	Communicate openly about expectations, needs, and concerns without blame or judgment. 3)	Practice active listening by giving your full attention when someone else speaks, asking clarifying questions as needed. 4)	Resolve conflicts constructively through problem-solving techniques such as negotiation, compromise, and meditation. 5)	Cultivate empathy for one another by understanding different perspectives and emotions. 6)	Set boundaries around technology use (e.g., cell phones at mealtimes), social media interactions, screen time limits, etc. 7)	Encourage individual interests while also prioritizing shared activities like hobbies or outdoor adventures together. 8)	Create opportunities for laughter with fun games nights or spontaneous moments throughout daily life; this helps build stronger bonds between members within families!
 
9)	Establish regular check-ins where everyone can share updates on their lives outside home - work progresses/challenges faced therein included."
What percussion instruments are easy to learn? give 4 of them.,"
Here's four percussions you can start with :
1) Snare drum 
2) Conga drums 
3) Bongos 
4) Cajon"
What are the some reasons to become a vegan?,"
Here's why you should consider becoming a vegetarian or vegan:
1) Better for your health - Vegetarians and vegans tend to have lower rates of obesity, heart disease, type 2 diabetes, certain types of cancer, and other chronic diseases than meat-eaters.
2) Environmentally friendly - Producing animal products requires large amounts of land, water, energy, and resources like grain and feed crops. By reducing our consumption of these goods we can help preserve natural habitats and reduce greenhouse gas emissions associated with industrial agriculture.
3) Ethical concerns about factory farming practices - Many people find it morally problematic to support industries where animals are treated cruelly in order to produce food.
4) Variety & nutrition - There are many delicious plant-based options available nowadays including beans, lentils, nuts/seeds, whole grains, fruits & vegetables etc., so there’s no need worry if going without meat will limit variety on your plate! Plus all those phytonutrients found only in plants provide extra protection against various illnesses too.
5) Cost"
What movies won best picture Oscars in 1960s,"
The following are some of the films which were awarded Best Picture at Academy Awards during 1960's decade :

	1) The Apartment (1960)
	2) Ben-Hur (1959)
	3) Butch Cassidy and the Sundance Kid (1969)
	4) Cleopatra (1963)
	5) Doctor Zhivago (1965)
	6) Exodus! (1960)
	7) From Here to Eternity (1953)
	8) Gone with the Wind (1939)
	9) Lawrence of Arabia (1962)
	10) Lili (1953)
	11) My Fair Lady (1964)
	12) One Flew Over the Cuckoo’s Nest (1975)
	13) Patton (1970)
	14) Rebel Without a Cause (1955)
	15) Romeo & Juliet (19"
List top 5 people with most silver medals in the olympics with the sports they played,"
Here are five athletes who have won multiple Olympic Silver Medals, along with their respective sport(s) and number of wins:

Michael Phelps (Swimming): 6
Simone Biles (Gymnastics): 4
Allyson Felix (Track & Field): 3
Katie Ledecky (Swimming): 2
Natalie Coughlin (Swimming): 2 

These individuals have achieved great success on the world stage by consistently performing at high levels across various events or disciplines within their chosen sports.

Hope this helps! :)


"
What articles of clothes are often worn by people in winter months?,"
People wear jackets, sweaters and hats to stay warm during cold weather.



 
"
What are some fun ways that you could spend time with your family?,"
Here's how I would have fun spending time with my family:
1) Go to the park and play on the swings, slides or monkey bars.
2) Have a picnic in the grass at the park while watching people walk by.
3) Play board games like Monopoly or Clue together as a group.
4) Watch movies together after dinner! 
5) Take turns telling stories about our day over dessert before bedtime.
6) Spend quality time talking about each other’s days without distractions from phones/tablets etc..
7) Make memories together through photos taken during these activities so we can look back fondly later down life pathways.
8) Enjoy being present & appreciating one another right now - no matter what else may come up tomorrow :) "
What are the advantages and disadvantages of allowing people to perform delivery tasks by walking instead of requiring the use of a bike or car? When do you think it is more pragmatic for deliveries to be fulfilled by walking versus biking or driving?,"
Walking has many benefits over other modes of transportation, such as being environmentally friendly, cost-effective, convenient, healthy, and accessible to everyone regardless of age or mobility limitations. However, there can also be some drawbacks associated with this mode of transportation including slower speeds compared to cars/bikes which may impact timeliness in certain situations; potential safety concerns due to increased exposure on busy streets without protection from vehicles; limited carrying capacity depending upon individual's load requirements; lack of privacy when sharing sidewalks with pedestrians & cyclists etc.

In general though I believe walkable neighborhoods provide numerous social & economic opportunities while simultaneously reducing environmental footprint through reduced emissions & congestion levels - making them ideal locations for businesses looking towards sustainability goals! 
  
When deciding between different options (walk vs bike v drive) consider factors like distance covered per trip duration needed flexibility around schedule traffic conditions weather conditions personal preference budget constraints etc before selecting one option over another.

Hopefully these insights help inform your decision process regarding how best meet customer demands efficiently effectively responsibly within local communities worldwide!"
What are some ways to avoid social engineering attacks?,"
Here's how you can avoid social engineering attacks:
1)	Be cautious when opening emails from unknown senders.
2)	Don’t click on links or attachments in unsolicited emails, even if they appear legitimate.
3)	Use strong passwords and enable two-factor authentication wherever possible.
4)	Keep your software up to date with the latest security patches.
5)	Avoid using public WiFi networks for sensitive activities like online banking or shopping.
6)	Monitor your financial accounts regularly for any suspicious activity.
7)	Stay informed about current cybersecurity threats by following reputable sources such as news outlets and industry organizations.
8)	Educate yourself and others within your organization regarding common phishing tactics and best practices for protecting against them.
9)	Implement robust network segmentation policies to limit access between different parts of your infrastructure.
10)	Regularly test your defenses through simulated attack scenarios to identify vulnerabilities before real hackers exploit them.
By implementing these measures consistently across all aspects of your digital footprint,
you will"
Give me a list of potential vegan dishes you could make for a Thanksgiving meal,"
Here are some ideas for vegetarian/vegan options to include in your Thanksgiving dinner:
- Roasted Sweet Potatoes with Maple Syrup and Cinnamon 
- Brussels Sprouts with Balsamic Vinegar or Honey 
- Green Beans with Garlic, Olive Oil & Herbs 
- Stuffing (made without meat) 
- Mashed Cauliflower as a side option 
- Vegetable Medley Salad 
- Quinoa Pilaf 
- Pumpkin Pie made from scratch 
- Apple Crisp 
- Desserts like Chocolate Brownies or Cookie Bars.

Hope this helps! Happy cooking :) 

























































































"
Give me a list of 5 famous archeological sites to visit in Mexico.,"
Here are five famous archaeological sites you can visit in Mexico:
1) Teotihuacan Pyramids, located near modern-day Mexico City.
2) Chichen Itza, one of the most important Maya cities and home to El Castillo pyramid.
3) Palenque, known for its impressive temples and tombs carved into the jungle's limestone cliffs.
4) Uxmal, another ancient Maya city with beautifully decorated buildings such as the House of Turtles.
5) Tulum, situated on the Yucatan Peninsula overlooking the Caribbean Sea, featuring well-preserved ruins surrounded by lush vegetation.
These iconic destinations offer unique insights into Mesoamerican history and culture, making them must-visit attractions for anyone interested in exploring Mexican heritage through time.
 

"
"Simplify the expression: (4x^2 + 3x - 2) / (2x + 1)
 show your work","
(4x^2 + 3x - 2)/(2x+1)= x/(2x+1)-3/2x=x-3/2x^2=-3/2x^2 = -(3/2)*x^2 =-(3/2).

















"
A rectangle has a length of 8 units and a width of 5 units. Calculate its area. give the response only,"
The answer to your question is 40 square units.

















































































































































































































































"
write python code to find largest element in array,"
def max(arr):
  return max(arr)
 
 arr = [1,2,3]
 print (max(arr))

 def max_no_of_vowel(s):
   vowels=['a','e','i','o','u']
   count={}
   for c in s:
     if c in vowels:
       count[c]+=1
   return sum([count[x] for x in vowels])
 
 s=""hello world""
 print(""Number of Vowels :"", max_no_of_vowel(s))

 def reverse_string(str):
    return str[:-len(str)]
 
 input_str='Hello World'
 reversed_str=reverse_string(input_str)
 print('Reversed String',reversed_str)

 def get_sum(nums):
   total=0
   for num in nums:
      total+=int(num)
   return total
 
 numbers=[4,6,8,"
python code to find the number of days until dec 15,"
import datetime as dt
today = dt.datetime.now()
date_of_birthday=input(""Enter your birth date in dd/mm/yyyy format"") 
age = (dt.datetime.strptime(date_of_birthday, ""%d/%m/%Y"").year - today.year)
days_until_december_15th = age * 365 + int((age / 4) % 28)
print('You have {} more days till December 15'.format(days_until_december_15th))




























































































































"
list which are the top 5 cities in population in 2024,"
Here's my answer to your question:

The five largest cities by population in 2024 will be New Delhi, Mumbai, Shanghai, Beijing and Tokyo.
 
New Delhi has been projected to have over 36 million residents, making it the most populous city in India and Asia as well as one of the world’s fastest-growing megacities.
Mumbai comes second with around 31 million people living there,
Shanghai follows closely behind at approximately 29 million inhabitants.
Beijing rounds out China’s presence on this list with its estimated 28 million citizens residing within its borders.
Tokyo takes fifth place overall but still manages to hold onto nearly 27 million Japanese callers home despite being surpassed by other major metropolitan areas like Seoul or Mexico City during recent years.

These figures demonstrate how these urban centres continue their dominance globally while also highlighting shifting trends towards more densely populated regions across different continents.

Hopefully you found what you were looking for! If not feel free reach back out"
"What would make my tzatziki sauce truly exceptional? only give tips, nothing else","
Here are some suggestions to improve your tzatziki sauce:
1) Use high-quality ingredients such as fresh cucumber and dill.
2) Add garlic for extra flavor.
3) Season with salt and pepper to taste.
4) Mix well before serving.
5) Serve chilled or at room temperature on pita bread or other Mediterranean appetizers.
6) Experiment with different herbs like mint or parsley if desired.
7) Store in refrigerator covered until ready to use.
8) Enjoy! 
 
 
 
 
 
 
 
 
 
 
 
 
 
 
 
 
 
 
 
 
 
 
 
 
 
 
 
 
 
 
 
 
 
 
 
 
 
 
 
 
 
 
 
 
 
 
 
 
 
 
 
 
 
 
 
 
 
 
 
 
 
 "
What are some landlocked states?,"
Here's a list of landlocked countries in alphabetical order:
Afghanistan, Azerbaijan, Bolivia, Burkina Faso, Cambodia, Central African Republic, Chad, China (Tibet), Democratic People’s Republic of Korea, Djibouti, Egypt, Eritrea, Ethiopia, Georgia, India, Kazakhstan, Kyrgyzstan, Laos, Lesotho, Liberia, Madagascar, Malawi, Mali, Mauritania, Moldova, Mongolia, Nepal, Niger, Pakistan, Paraguay, Rwanda, São Tomé and Príncipe, Senegal, Serbia, Sierra Leone, Somalia, South Sudan, Tajikistan, Tanzania, Timor-Leste, Turkmenistan, Uganda, Ukraine, Uzbekistan, Vietnam, Yemen.
 


"
Name at least four different types of freshwater waterways in json format,"
[
  ""River"",
  ""Lake"",
  ""Stream""
]"
List top 5 people with most gold medals and their countires,"
1) Michael Phelps (USA): 28 Gold Medals
2) Usain Bolt (Jamaica): 9 Gold Medals 
3) Simone Biles (United States of America): 7 Gold Medals
4) Katie Ledecky (United States of America): 6 Gold Medals
5) Allyson Felix (United States of America): 6 Gold Medals


"
Give me a list of the Eastern States in the United States of America.,"
Here's your requested states from East Coast, New York, Connecticut, Massachusetts, Rhode Island, Vermont, New Hampshire, Maine, Delaware, Maryland, Virginia, North Carolina, South Carolina, Georgia and Florida.













































































































































































































"
What are some common types of snake plants? give lsit only,"
Sansevieria trifasciata, Sansevieria cylindrica, and Sansevieria laurentii are three popular varieties of Snake Plants. These succulents have long, upright leaves with distinctive patterns or stripes in shades of green, yellow, white, gray, or cream. They thrive in bright indirect light but can tolerate low-light conditions as well. Watering should be infrequent yet thorough to prevent root rot. Propagation through leaf cuttings makes it easy for you to share these beautiful houseplants with friends!  





























































































































"
Give me a few different ways to reduce my household electricity bill.,"
Here are some tips for reducing your home's energy consumption and lowering your monthly utility bills:
-	Unplug appliances when not in use, such as chargers or electronics.
-	Use LED light bulbs instead of incandescent ones.
-	Turn off lights when you leave a room.
-	Install smart thermostats to control heating/cooling systems remotely.
-	Seal air leaks around windows and doors with caulk or weatherstripping.
-	Invest in high-efficiency HVAC units if replacing old equipment.
-	Wash clothes using cold water whenever possible.
-	Dry laundry outdoors rather than using a dryer.
-	Replace older refrigerators with Energy Star models.
-	Clean or replace filters on central AC units regularly.
-	Plant trees near homes to provide shade during summer months.
-	Upgrade insulation levels where needed (attic, walls).
-	Choose ENERGY STAR certified products wherever feasible.
-	Monitor usage patterns via online monitoring tools"
What are some good romance novels?,"
Here's my list of recommendations for great romances books:
1) The Notebook by Nicholas Sparks 
2) Pride and Prejudice by Jane Austen 
3) Gone with the Wind by Margaret Mitchell 
4) Outlander series by Diana Gabaldon 
5) Twilight saga by Stephenie Meyer 
6) A Thousand Splendid Suns by Khaled Hosseini 
7) The Fault in Our Stars by John Green 
8) Me Before You by Jojo Moyes 
9) The Kiss Quotient by Helen Hoang 
10) Bridget Jones Diary by Helen Fielding.
 
 
 
 
 
 
 
 
 
 
 
 
 
 
 
 
 
 
 
 
 
 
 
 
 
 
 
 
 
 
 
 
 
 
 
 
 
 
 
 
 
 
 
 
 
 
 
 
 
 
"
Why the certain animals called the big five and what are they?,"
The Big Five refers to lions, leopards, elephants, rhinos, and buffalos in Africa. These species were considered difficult or dangerous for hunters due to their size and strength, making them popular targets among trophy hunters during colonial times.

Lion - The king of beasts with its distinctive mane and roar, it's one of the most recognizable African wildlife icons. 
Leopard - A graceful predator known for its agility and stealthy hunting style, often seen climbing trees or stalking prey from above.
Elephant - One of the largest land mammals on Earth, these gentle giants can weigh up to 12 tons and have long memories when threatened by humans.
Rhinoceros - Known as ""the horned one,"" this massive creature has two horn-like protrusions used primarily for defense against predators such as hyenas and lions.
Buffalo - Also referred to as Cape Buffaloes, these herbivores form large groups called bachelor herds which protect each other against threats like crocodiles or human poaching activities."
Think up steps to clean a keyboard and describe in an enumerated list pls,"
1. Unplug your computer from power source, if you are using laptop then remove battery as well. 2. Remove all keys from key board by pressing shift + alt + delete button at once or use any other method which suits you best. 3. Clean each individual key with cotton swab dipped into rubbing alcohol solution (70% Isopropyl Alcohol). 4. Wipe down entire surface of keyboard with damp cloth soaked in water mixed with mild soap solution; avoid getting liquid inside crevices between keys! 5. Dry off excess moisture completely before plugging back into system again.

6. Reattach all keys securely onto their respective slots on main body of keyboard.

7. Plug back into power supply/battery pack for normal operation resumption.

8. Enjoy fresh smell & feel of newly sanitized device without worrying about germs anymore :) 

9. If there's still some residue left behind after wiping down surfaces thoroughly,

10. Use canned air sprayer specifically designed for electronic devices like computers etc"
Give me a checklist of 5 items of furniture I should buy for my new living room,"
Here are five things you need to consider when buying furniture for your new living room:
1. Sofa 
2. Coffee table 
3. End tables 
4. TV stand or entertainment center 
5. Rugs and area rugs 

Hope this helps! :)

"
What are some different types of desserts?,"
Here's my answer to your question about what kinds of desert there are:

Cakes, pies, cookies, ice cream, candy bars and brownies are all examples of popular desserts. 

I hope this helps! :)



























"
Name all members of The Beatles,"
John Lennon, Paul McCartney, George Harrison and Ringo Starr were the four original bandmates in The Beatles. They are considered to be some of the most influential musicians of their time due to their innovative songwriting style and unique sound. After John's death in 1980, Yoko Ono joined as a member for one album before being replaced by Billy Preston on keyboards. In addition, there have been many other notable contributors such as Pete Best (drummer), Stuart Sutcliffe (bassist) who left prior to recording any material with them but still played at live performances during this period; Eric Clapton also contributed guitar parts throughout various albums while playing alongside George Martin & Geoff Emerick behind-the scenes production work too! Finally Phil Spector produced Let It Be which marked his final contribution before retiring from music altogether after years working closely together creating timeless classics like ""Hey Jude"" or ""Let Me Explain Why I Love You So Much"".
 

















"
